id_transactions,transaction_type,platform_used,amount_paid,invoice_number,id_client,transaction_amount ,transaction_status 
TXN001,Pago de Factura,Nequi,0,FAC7068,1,38940,Pendiente
TXN002,Pago de Factura,Daviplata,75145,FAC6577,2,75145,Pendiente
TXN003,Pago de Factura,Daviplata,179217,FAC5707,3,179217,Fallida
TXN004,Pago de Factura,Daviplata,51767,FAC7188,4,51767,Fallida
TXN005,Pago de Factura,Daviplata,156501,FAC7289,5,156501,Completada
TXN006,Pago de Factura,Nequi,32428,FAC2190,6,32428,Completada
TXN007,Pago de Factura,Daviplata,0,FAC6207,7,75301,Pendiente
TXN008,Pago de Factura,Nequi,16870,FAC1691,8,16870,Pendiente
TXN009,Pago de Factura,Nequi,21794,FAC4680,9,21794,Fallida
TXN010,Pago de Factura,Daviplata,0,FAC8010,10,193307,Completada
TXN011,Pago de Factura,Daviplata,0,FAC1328,11,159093,Completada
TXN012,Pago de Factura,Nequi,0,FAC8140,12,174518,Pendiente
TXN013,Pago de Factura,Daviplata,0,FAC4679,13,110254,Fallida
TXN014,Pago de Factura,Nequi,0,FAC3589,14,162283,Pendiente
TXN015,Pago de Factura,Daviplata,22161,FAC6122,15,22161,Pendiente
TXN016,Pago de Factura,Daviplata,195775,FAC4870,16,195775,Pendiente
TXN017,Pago de Factura,Nequi,20824,FAC5322,17,20824,Fallida
TXN018,Pago de Factura,Nequi,0,FAC8663,18,191134,Completada
TXN019,Pago de Factura,Daviplata,0,FAC4380,19,62979,Completada
TXN020,Pago de Factura,Daviplata,0,FAC5128,20,36472,Fallida
TXN021,Pago de Factura,Nequi,127881,FAC7986,21,127881,Completada
TXN022,Pago de Factura,Daviplata,0,FAC7543,22,26317,Fallida
TXN023,Pago de Factura,Nequi,147364,FAC7964,23,147364,Pendiente
TXN024,Pago de Factura,Daviplata,153404,FAC1309,24,153404,Pendiente
TXN025,Pago de Factura,Nequi,0,FAC8025,25,14210,Completada
TXN026,Pago de Factura,Daviplata,49012,FAC8943,26,49012,Completada
TXN027,Pago de Factura,Daviplata,40302,FAC1190,27,40302,Fallida
TXN028,Pago de Factura,Daviplata,27833,FAC4264,28,27833,Pendiente
TXN029,Pago de Factura,Nequi,0,FAC1462,29,30313,Fallida
TXN030,Pago de Factura,Daviplata,134884,FAC6381,30,134884,Fallida
TXN031,Pago de Factura,Nequi,28982,FAC8571,31,28982,Completada
TXN032,Pago de Factura,Nequi,158030,FAC7018,32,158030,Pendiente
TXN033,Pago de Factura,Daviplata,196009,FAC4082,33,196009,Fallida
TXN034,Pago de Factura,Daviplata,68526,FAC5756,34,68526,Pendiente
TXN035,Pago de Factura,Nequi,0,FAC9278,35,165287,Completada
TXN036,Pago de Factura,Nequi,178265,FAC6223,36,178265,Fallida
TXN037,Pago de Factura,Nequi,98069,FAC8510,37,98069,Completada
TXN038,Pago de Factura,Nequi,153150,FAC4305,38,153150,Completada
TXN039,Pago de Factura,Daviplata,0,FAC9358,39,86902,Pendiente
TXN040,Pago de Factura,Nequi,96457,FAC1208,40,96457,Pendiente
TXN041,Pago de Factura,Daviplata,0,FAC5492,41,145586,Fallida
TXN042,Pago de Factura,Nequi,163425,FAC6585,42,163425,Fallida
TXN043,Pago de Factura,Nequi,186218,FAC2187,43,186218,Pendiente
TXN044,Pago de Factura,Daviplata,159000,FAC7545,44,159000,Fallida
TXN045,Pago de Factura,Daviplata,94554,FAC9699,45,94554,Pendiente
TXN046,Pago de Factura,Daviplata,0,FAC2512,46,152659,Fallida
TXN047,Pago de Factura,Daviplata,0,FAC1330,47,165021,Pendiente
TXN048,Pago de Factura,Daviplata,0,FAC9310,48,115066,Completada
TXN049,Pago de Factura,Daviplata,0,FAC9524,49,161029,Completada
TXN050,Pago de Factura,Nequi,167924,FAC7938,50,167924,Completada
TXN051,Pago de Factura,Daviplata,0,FAC8649,51,147991,Pendiente
TXN052,Pago de Factura,Nequi,124048,FAC4348,52,124048,Completada
TXN053,Pago de Factura,Nequi,0,FAC9905,53,138162,Completada
TXN054,Pago de Factura,Nequi,161137,FAC5210,54,161137,Fallida
TXN055,Pago de Factura,Daviplata,0,FAC8033,55,35669,Fallida
TXN056,Pago de Factura,Nequi,0,FAC7850,56,67867,Fallida
TXN057,Pago de Factura,Nequi,0,FAC7378,57,58242,Fallida
TXN058,Pago de Factura,Nequi,113319,FAC3104,58,113319,Pendiente
TXN059,Pago de Factura,Daviplata,37708,FAC2382,59,37708,Completada
TXN060,Pago de Factura,Nequi,0,FAC6022,60,54969,Pendiente
TXN061,Pago de Factura,Daviplata,0,FAC3529,61,51411,Completada
TXN062,Pago de Factura,Nequi,45233,FAC1856,62,45233,Completada
TXN063,Pago de Factura,Nequi,0,FAC5678,63,99926,Fallida
TXN064,Pago de Factura,Nequi,31572,FAC7474,64,31572,Completada
TXN065,Pago de Factura,Nequi,0,FAC9956,65,123720,Pendiente
TXN066,Pago de Factura,Daviplata,0,FAC7570,66,17171,Fallida
TXN067,Pago de Factura,Daviplata,0,FAC2909,67,56259,Fallida
TXN068,Pago de Factura,Daviplata,0,FAC2139,68,196548,Fallida
TXN069,Pago de Factura,Daviplata,0,FAC8752,69,93635,Completada
TXN070,Pago de Factura,Daviplata,58585,FAC8107,70,58585,Completada
TXN071,Pago de Factura,Daviplata,0,FAC7475,71,86244,Completada
TXN072,Pago de Factura,Nequi,0,FAC3660,72,55572,Fallida
TXN073,Pago de Factura,Nequi,50713,FAC9573,73,50713,Fallida
TXN074,Pago de Factura,Nequi,129480,FAC2238,74,129480,Completada
TXN075,Pago de Factura,Daviplata,41657,FAC6979,75,41657,Completada
TXN076,Pago de Factura,Daviplata,0,FAC8740,76,126084,Completada
TXN077,Pago de Factura,Nequi,0,FAC9872,77,190936,Fallida
TXN078,Pago de Factura,Nequi,78561,FAC9634,78,78561,Fallida
TXN079,Pago de Factura,Nequi,162844,FAC9210,79,162844,Completada
TXN080,Pago de Factura,Nequi,0,FAC3888,80,80235,Fallida
TXN081,Pago de Factura,Daviplata,0,FAC7110,81,158138,Pendiente
TXN082,Pago de Factura,Daviplata,101593,FAC5649,82,101593,Pendiente
TXN083,Pago de Factura,Daviplata,103741,FAC1490,83,103741,Pendiente
TXN084,Pago de Factura,Daviplata,0,FAC5439,84,41300,Pendiente
TXN085,Pago de Factura,Daviplata,0,FAC4962,85,89956,Completada
TXN086,Pago de Factura,Nequi,165402,FAC8801,86,165402,Completada
TXN087,Pago de Factura,Nequi,106689,FAC1904,87,106689,Pendiente
TXN088,Pago de Factura,Nequi,22411,FAC7503,88,22411,Completada
TXN089,Pago de Factura,Daviplata,11359,FAC7561,89,11359,Pendiente
TXN090,Pago de Factura,Nequi,0,FAC5390,90,79808,Pendiente
TXN091,Pago de Factura,Nequi,42648,FAC1760,91,42648,Pendiente
TXN092,Pago de Factura,Daviplata,0,FAC3395,92,101468,Pendiente
TXN093,Pago de Factura,Daviplata,0,FAC1926,93,115488,Pendiente
TXN094,Pago de Factura,Daviplata,0,FAC7521,94,61920,Completada
TXN095,Pago de Factura,Nequi,141510,FAC6693,95,141510,Fallida
TXN096,Pago de Factura,Daviplata,39792,FAC1513,96,39792,Pendiente
TXN097,Pago de Factura,Daviplata,0,FAC3039,97,87689,Completada
TXN098,Pago de Factura,Nequi,0,FAC3709,98,178739,Fallida
TXN099,Pago de Factura,Daviplata,0,FAC3914,99,105611,Fallida
TXN100,Pago de Factura,Daviplata,141787,FAC8875,100,141787,Fallida
